benchmark_layer,method,condition,attack_level,success_rate,avg_reward,final_distance,avg_episode_length,action_smoothness,action_magnitude,safety_violation_rate,recovery_rate,n_seeds,reliability_score,robustness_score,cyber_resilience_score,safety_score,recovery_score,trustworthiness_score_equal,trustworthiness_score_weighted,trustworthiness_score
B0,sac_her,clean,0.0,0.013333333333333334,-147.98,0.2549763909834353,150.0,0.17910648259644701,1.1051087061564127,0.0,0.0,150,0.013333333333333334,0.0,0.013333333333333334,1.0,1.0,0.4053333333333333,0.45466666666666666,0.45466666666666666
B1,sac_her,action_clipping,0.3,0.013333333333333334,-147.93333333333334,0.2716311921149832,150.0,0.07696223287571527,0.4928934215505918,0.0,0.0,150,0.013333333333333334,0.23756507604368898,0.013333333333333334,1.0,0.0,0.2528463485420711,0.20217968187540447,0.20217968187540447
B1,sac_her,action_delay,0.0,0.013333333333333334,-147.98,0.26853452830309443,150.0,0.12338129700471953,1.1230362385511399,0.006666666666666667,0.0,150,0.013333333333333334,0.14643409375185937,0.013333333333333334,0.9933333333333333,0.0,0.23328681875037188,0.18295348541703854,0.18295348541703854
B1,sac_her,action_reversal,0.0,0.02,-147.0,0.2546370590308823,150.0,0.10630784506599104,1.1183389857411385,0.0,0.0,150,0.02,0.21316678000735148,0.02,1.0,0.0,0.2506333560014703,0.1996333560014703,0.1996333560014703
B1,sac_her,contact_dropout,0.0,0.02,-147.0,0.251530757198036,150.0,0.0714823207041869,1.417401646375656,0.0,0.0,150,0.02,0.2935302635733191,0.02,1.0,0.0,0.2667060527146638,0.2157060527146638,0.2157060527146638
B1,sac_her,goal_spoof_immediate,0.1,0.006666666666666667,-148.92666666666668,0.257892486917542,150.0,0.12075168498481309,1.1822659993171691,0.006666666666666667,0.0,150,0.006666666666666667,0.17549106406898418,0.006666666666666667,0.9933333333333333,0.0,0.23643154614713016,0.18643154614713017,0.18643154614713017
B1,sac_her,goal_spoof_midep,0.1,0.013333333333333334,-147.98,0.25429297394444283,150.0,0.1768549824195603,1.1842151808738708,0.0,0.0,150,0.013333333333333334,0.06503146800144852,0.013333333333333334,1.0,0.0,0.21833962693362305,0.16767296026695636,0.16767296026695636
B1,sac_her,grip_state_falsification,0.0,0.013333333333333334,-148.03333333333333,0.25883273164879744,150.0,0.18952139355552688,1.1124178024133047,0.0,0.0,150,0.013333333333333334,0.028270230012688913,0.013333333333333334,1.0,0.0,0.2109873793358711,0.16032071266920445,0.16032071266920445
B1,sac_her,object_pose_spoof,0.1,0.013333333333333334,-147.98666666666668,0.25554482470080797,150.0,0.14938144033153847,1.103220510582129,0.006666666666666667,0.0,150,0.013333333333333334,0.12025138251894821,0.013333333333333334,0.9933333333333333,0.0,0.22805027650378965,0.1777169431704563,0.1777169431704563
B1,sac_her,sensor_bias,0.1,0.02,-147.0,0.26031788602313954,150.0,0.05104471772521109,1.40206382950147,0.006666666666666667,0.0,150,0.02,0.3172557626678969,0.02,0.9933333333333333,0.0,0.2701178192002461,0.21945115253357939,0.21945115253357939
B1,sac_her,sensor_dropout,0.0,0.02,-147.0,0.2623389066757695,150.0,0.0006102019370446816,1.4090505049626032,0.0,0.0,150,0.02,0.41923763945115206,0.02,1.0,0.0,0.29184752789023044,0.24084752789023042,0.24084752789023042
B2,sac_her_recovery_v2,action_clipping,0.3,0.013333333333333334,-147.92,0.2518058274015772,150.0,0.09485710270081954,0.49715827822685243,0.0,1.0,150,0.013333333333333334,0.25737974180086004,0.013333333333333334,1.0,0.0,0.25680928169350536,0.20614261502683867,0.20614261502683867
B2,sac_her_recovery_v2,action_delay,0.0,0.013333333333333334,-147.97333333333333,0.2543781458749216,150.0,0.16127933770418162,1.1089405872424443,0.0,1.0,150,0.013333333333333334,0.13647683921943204,0.013333333333333334,1.0,0.0,0.23262870117721973,0.18196203451055307,0.18196203451055307
B2,sac_her_recovery_v2,action_reversal,0.0,0.02,-147.0,0.25408528867802604,150.0,0.16494921676814553,1.1101288682222366,0.02666666666666667,1.0,150,0.02,0.1307960098910843,0.02,0.9733333333333334,0.0,0.22882586864488355,0.17915920197821686,0.17915920197821686
B2,sac_her_recovery_v2,clean,0.0,0.013333333333333334,-147.98,0.2524737528097173,150.0,0.22061902803679304,1.0964804524183274,0.0,1.0,150,0.013333333333333334,0.03811867932849007,0.013333333333333334,1.0,1.0,0.41295706919903136,0.46229040253236464,0.46229040253236464
B2,sac_her_recovery_v2,contact_dropout,0.0,0.02,-147.0,0.2513321519467897,150.0,0.11440261612335836,1.3701516314347586,0.0,1.0,150,0.02,0.22462936986362764,0.02,1.0,0.0,0.25292587397272553,0.20192587397272552,0.20192587397272552
B2,sac_her_recovery_v2,goal_spoof_immediate,0.1,0.006666666666666667,-148.90666666666667,0.25935164132628,150.0,0.15332371693104502,1.1252984657883645,0.0,1.0,150,0.006666666666666667,0.13882598822498513,0.006666666666666667,1.0,0.0,0.23043186431166368,0.18009853097833034,0.18009853097833034
B2,sac_her_recovery_v2,goal_spoof_midep,0.1,0.013333333333333334,-147.98,0.260090252518813,150.0,0.21685232720027361,1.1467221504449845,0.0,1.0,150,0.013333333333333334,0.027144732106119007,0.013333333333333334,1.0,0.0,0.21076227975455716,0.16009561308789047,0.16009561308789047
B2,sac_her_recovery_v2,grip_state_falsification,0.0,0.013333333333333334,-148.03333333333333,0.25883273164879744,150.0,0.2310453341652949,1.1045914785067241,0.0,1.0,150,0.013333333333333334,0.005461443262747378,0.013333333333333334,1.0,0.0,0.2064256219858828,0.15575895531921613,0.15575895531921613
B2,sac_her_recovery_v2,object_pose_spoof,0.1,0.006666666666666667,-148.85333333333332,0.2602905896581159,150.0,0.22272107149163878,1.1636506557464599,0.02,0.9933333333333333,150,0.006666666666666667,0.016524224080022142,0.006666666666666667,0.98,0.0,0.20197151148267112,0.15263817814933775,0.15263817814933775
B2,sac_her_recovery_v2,sensor_bias,0.1,0.013333333333333334,-147.96666666666667,0.2574411369895536,150.0,0.11816755368063843,1.3766512246926625,0.02,1.0,150,0.013333333333333334,0.20407894339231605,0.013333333333333334,0.98,0.0,0.24214912201179653,0.19248245534512987,0.19248245534512987
B2,sac_her_recovery_v2,sensor_dropout,0.0,0.02,-147.0,0.2612103743810022,150.0,0.020895002003138218,1.2406103787819545,0.03333333333333333,1.0,150,0.02,0.3638252777038302,0.02,0.9666666666666667,0.0,0.2740983888740994,0.22476505554076603,0.22476505554076603
B3,sac_her_recovery_v3,action_clipping,0.3,0.02,-146.9,0.25259039092301855,150.0,0.08335306481768684,0.522893416484197,0.0,1.0,150,0.02,0.2518273445835709,0.02,1.0,0.006666666666666666,0.25969880225004754,0.20936546891671418,0.20936546891671418
B3,sac_her_recovery_v3,action_delay,0.0,0.013333333333333334,-147.96666666666667,0.252060539948713,150.0,0.13881698384881014,1.130697295864423,0.0,1.0,150,0.013333333333333334,0.14112125760812888,0.013333333333333334,1.0,0.0,0.23355758485495912,0.18289091818829245,0.18289091818829245
B3,sac_her_recovery_v3,action_reversal,0.0,0.02,-147.0,0.2542061889709272,150.0,0.12971150118857616,1.0939101159572602,0.013333333333333334,1.0,150,0.02,0.15456893149594414,0.02,0.9866666666666667,0.0,0.23624711963252218,0.1859137862991888,0.1859137862991888
B3,sac_her_recovery_v3,clean,0.0,0.013333333333333334,-147.98,0.25225394018797287,150.0,0.1835279156515995,1.1141874142487844,0.0,1.0,150,0.013333333333333334,0.05045336440093584,0.013333333333333334,1.0,1.0,0.41542400621352055,0.46475733954685383,0.46475733954685383
B3,sac_her_recovery_v3,contact_dropout,0.0,0.02,-147.0,0.25395523727841335,150.0,0.10451865655059611,1.343337713678678,0.0,1.0,150,0.02,0.20598270485728995,0.02,1.0,0.0,0.24919654097145802,0.198196540971458,0.198196540971458
B3,sac_her_recovery_v3,goal_spoof_immediate,0.1,0.02,-147.04666666666665,0.2613132668652913,150.0,0.17477483569333946,1.1911604674657186,0.006666666666666667,1.0,150,0.02,0.04731545352698455,0.02,0.9933333333333333,0.013333333333333332,0.21879642403873026,0.16946309070539692,0.16946309070539692
B3,sac_her_recovery_v3,goal_spoof_midep,0.1,0.013333333333333334,-147.96666666666667,0.25536549279216414,150.0,0.14363102945188677,1.154499047199885,0.0,1.0,150,0.013333333333333334,0.12381833393215216,0.013333333333333334,1.0,0.0,0.23009700011976375,0.17943033345309709,0.17943033345309709
B3,sac_her_recovery_v3,grip_state_falsification,0.0,0.013333333333333334,-148.03333333333333,0.25883273164879744,150.0,0.19822227817028756,1.1200880789756775,0.0,1.0,150,0.013333333333333334,0.005695543696461324,0.013333333333333334,1.0,0.0,0.2064724420726256,0.1558057754059589,0.1558057754059589
B3,sac_her_recovery_v3,object_pose_spoof,0.1,0.02,-147.03333333333333,0.25591976220423474,150.0,0.17004215288907285,1.1434253716468812,0.0,1.0,150,0.02,0.06924970493170182,0.02,1.0,0.006666666666666666,0.2231832743196737,0.17284994098634035,0.17284994098634035
B3,sac_her_recovery_v3,sensor_bias,0.1,0.02,-146.98666666666668,0.256456760480212,150.0,0.0873819026537239,1.3234532235066097,0.013333333333333334,1.0,150,0.02,0.2348198545130167,0.02,0.9866666666666667,0.0,0.2522973042359367,0.20196397090260335,0.20196397090260335
B3,sac_her_recovery_v3,sensor_dropout,0.0,0.02,-147.0,0.2606758478233093,150.0,0.020260497285053088,1.227261952161789,0.02666666666666667,1.0,150,0.02,0.3605791744445049,0.02,0.9733333333333334,0.0,0.27478250155556766,0.22511583488890097,0.22511583488890097
